{"cameraMode":{"drawMode":0,"name":"Shaded","section":"Shading Mode"},"sceneLighting":false,"audioPlay":false,"sceneViewState":{"showFog":true,"showMaterialUpdate":false,"showSkybox":true,"showFlares":true,"showImageEffects":true,"showParticleSystems":true},"in2DMode":false,"pivot":{"x":-3.522270441055298,"y":1.096349835395813,"z":-4.786346435546875},"rotation":{"x":0.04187677055597305,"y":0.9483436942100525,"z":-0.1413622349500656,"w":0.2809046506881714},"size":1.0047292709350587,"orthographic":false}