{"cameraMode":{"drawMode":0,"name":"Shaded","section":"Shading Mode"},"sceneLighting":false,"audioPlay":false,"sceneViewState":{"showFog":true,"showMaterialUpdate":false,"showSkybox":true,"showFlares":true,"showImageEffects":true,"showParticleSystems":true},"in2DMode":false,"pivot":{"x":-3.6092615127563478,"y":-0.20775620639324189,"z":-3.40238881111145},"rotation":{"x":0.44519320130348208,"y":-0.006714971270412207,"z":0.003341413801535964,"w":0.8954032063484192},"size":11.70802116394043,"orthographic":false}