{"cameraMode":{"drawMode":0,"name":"Shaded","section":"Shading Mode"},"sceneLighting":false,"audioPlay":false,"sceneViewState":{"showFog":true,"showMaterialUpdate":false,"showSkybox":true,"showFlares":true,"showImageEffects":true,"showParticleSystems":true},"in2DMode":false,"pivot":{"x":-7.2669997215271,"y":0.906000018119812,"z":-0.6480001211166382},"rotation":{"x":0.3520738482475281,"y":-0.07261176407337189,"z":0.027405641973018647,"w":0.9327488541603088},"size":3.6715803146362306,"orthographic":false}