{"cameraMode":{"drawMode":0,"name":"Shaded","section":"Shading Mode"},"sceneLighting":false,"audioPlay":false,"sceneViewState":{"showFog":true,"showMaterialUpdate":false,"showSkybox":true,"showFlares":true,"showImageEffects":true,"showParticleSystems":true},"in2DMode":false,"pivot":{"x":-6.090005874633789,"y":3.133288860321045,"z":-0.3109617829322815},"rotation":{"x":-0.0026664745528250934,"y":0.983290433883667,"z":-0.18144875764846803,"w":-0.014467233791947365},"size":2.661724328994751,"orthographic":false}