{"cameraMode":{"drawMode":0,"name":"Shaded","section":"Shading Mode"},"sceneLighting":false,"audioPlay":false,"sceneViewState":{"showFog":true,"showMaterialUpdate":false,"showSkybox":true,"showFlares":true,"showImageEffects":true,"showParticleSystems":true},"in2DMode":false,"pivot":{"x":-0.5553851127624512,"y":0.6034355163574219,"z":0.8418002128601074},"rotation":{"x":0.3353561758995056,"y":-0.41088613867759707,"z":0.16573330760002137,"w":0.831409215927124},"size":8.236413955688477,"orthographic":false}