{"cameraMode":{"drawMode":0,"name":"Shaded","section":"Shading Mode"},"sceneLighting":false,"audioPlay":false,"sceneViewState":{"showFog":true,"showMaterialUpdate":false,"showSkybox":true,"showFlares":true,"showImageEffects":true,"showParticleSystems":true},"in2DMode":false,"pivot":{"x":-4.9942193031311039,"y":2.6623375415802,"z":-5.768360137939453},"rotation":{"x":0.1932285726070404,"y":-0.014398612082004547,"z":0.002839348977431655,"w":0.9810439944267273},"size":0.2857885956764221,"orthographic":false}