{"cameraMode":{"drawMode":0,"name":"Shaded","section":"Shading Mode"},"sceneLighting":false,"audioPlay":false,"sceneViewState":{"showFog":true,"showMaterialUpdate":false,"showSkybox":true,"showFlares":true,"showImageEffects":true,"showParticleSystems":true},"in2DMode":false,"pivot":{"x":-7.290764331817627,"y":0.5550575256347656,"z":-3.3742966651916506},"rotation":{"x":0.42212364077568056,"y":0.02311064675450325,"z":-0.01076725497841835,"w":0.9061797857284546},"size":3.8145058155059816,"orthographic":false}