{"cameraMode":{"drawMode":0,"name":"Shaded","section":"Shading Mode"},"sceneLighting":false,"audioPlay":false,"sceneViewState":{"showFog":true,"showMaterialUpdate":false,"showSkybox":true,"showFlares":true,"showImageEffects":true,"showParticleSystems":true},"in2DMode":false,"pivot":{"x":-7.217796325683594,"y":1.043611764907837,"z":-0.44316720962524416},"rotation":{"x":-0.30636465549468996,"y":0.37199175357818606,"z":-0.13155275583267213,"w":-0.8662890791893005},"size":2.5002098083496095,"orthographic":false}