{"cameraMode":{"drawMode":0,"name":"Shaded","section":"Shading Mode"},"sceneLighting":false,"audioPlay":false,"sceneViewState":{"showFog":true,"showMaterialUpdate":false,"showSkybox":true,"showFlares":true,"showImageEffects":true,"showParticleSystems":true},"in2DMode":false,"pivot":{"x":-3.9878463745117189,"y":0.375268816947937,"z":-5.04508113861084},"rotation":{"x":0.18470872938632966,"y":0.46062442660331728,"z":-0.09863752126693726,"w":0.862541913986206},"size":2.6444661617279054,"orthographic":false}