{"cameraMode":{"drawMode":0,"name":"Shaded","section":"Shading Mode"},"sceneLighting":false,"audioPlay":false,"sceneViewState":{"showFog":true,"showMaterialUpdate":false,"showSkybox":true,"showFlares":true,"showImageEffects":true,"showParticleSystems":true},"in2DMode":false,"pivot":{"x":-1.256140947341919,"y":2.107089042663574,"z":4.772282600402832},"rotation":{"x":0.6291283369064331,"y":0.011235191486775875,"z":-0.009094124659895897,"w":0.777167022228241},"size":46.758087158203128,"orthographic":false}