{"cameraMode":{"drawMode":0,"name":"Shaded","section":"Shading Mode"},"sceneLighting":false,"audioPlay":false,"sceneViewState":{"showFog":true,"showMaterialUpdate":false,"showSkybox":true,"showFlares":true,"showImageEffects":true,"showParticleSystems":true},"in2DMode":false,"pivot":{"x":0.015104234218597412,"y":0.7607566118240356,"z":0.34710395336151125},"rotation":{"x":-0.009422149509191513,"y":-0.716101884841919,"z":0.69786536693573,"w":-0.009668742306530476},"size":4.789860725402832,"orthographic":false}