{"cameraMode":{"drawMode":0,"name":"Shaded","section":"Shading Mode"},"sceneLighting":false,"audioPlay":false,"sceneViewState":{"showFog":true,"showMaterialUpdate":false,"showSkybox":true,"showFlares":true,"showImageEffects":true,"showParticleSystems":true},"in2DMode":false,"pivot":{"x":0.06374025344848633,"y":0.7348131537437439,"z":0.2987532615661621},"rotation":{"x":-0.024920590221881868,"y":-0.9746739268302918,"z":0.17077969014644624,"w":-0.1422111690044403},"size":5.973123550415039,"orthographic":false}