{"cameraMode":{"drawMode":0,"name":"Shaded","section":"Shading Mode"},"sceneLighting":false,"audioPlay":false,"sceneViewState":{"showFog":true,"showMaterialUpdate":false,"showSkybox":true,"showFlares":true,"showImageEffects":true,"showParticleSystems":true},"in2DMode":false,"pivot":{"x":1439.0927734375,"y":810.2643432617188,"z":2.161865234375},"rotation":{"x":0.025017397478222848,"y":0.02194064110517502,"z":-0.0005490393377840519,"w":0.9994460940361023},"size":2367.763427734375,"orthographic":false}