{"cameraMode":{"drawMode":0,"name":"Shaded","section":"Shading Mode"},"sceneLighting":false,"audioPlay":false,"sceneViewState":{"showFog":true,"showMaterialUpdate":false,"showSkybox":true,"showFlares":true,"showImageEffects":true,"showParticleSystems":true},"in2DMode":false,"pivot":{"x":0.042500004172325137,"y":1.11899995803833,"z":-0.010499998927116394},"rotation":{"x":0.1776106208562851,"y":0.6662623882293701,"z":-0.16796433925628663,"w":0.7045118808746338},"size":0.5022690296173096,"orthographic":false}