{"cameraMode":{"drawMode":0,"name":"Shaded","section":"Shading Mode"},"sceneLighting":false,"audioPlay":false,"sceneViewState":{"showFog":true,"showMaterialUpdate":false,"showSkybox":true,"showFlares":true,"showImageEffects":true,"showParticleSystems":true},"in2DMode":false,"pivot":{"x":-0.1129922866821289,"y":0.4500153064727783,"z":0.14319288730621339},"rotation":{"x":0.11776068061590195,"y":0.7318294644355774,"z":-0.1309051811695099,"w":0.6583479046821594},"size":4.234434604644775,"orthographic":false}