{"cameraMode":{"drawMode":0,"name":"Shaded","section":"Shading Mode"},"sceneLighting":false,"audioPlay":false,"sceneViewState":{"showFog":true,"showMaterialUpdate":false,"showSkybox":true,"showFlares":true,"showImageEffects":true,"showParticleSystems":true},"in2DMode":false,"pivot":{"x":-6.861423969268799,"y":0.546999990940094,"z":-3.359999895095825},"rotation":{"x":-0.3428269922733307,"y":-0.5556659698486328,"z":0.2690521776676178,"w":-0.7080366611480713},"size":2.5002098083496095,"orthographic":false}