{"cameraMode":{"drawMode":0,"name":"Shaded","section":"Shading Mode"},"sceneLighting":false,"audioPlay":false,"sceneViewState":{"showFog":true,"showMaterialUpdate":false,"showSkybox":true,"showFlares":true,"showImageEffects":true,"showParticleSystems":true},"in2DMode":false,"pivot":{"x":-4.974700450897217,"y":1.9303710460662842,"z":-2.847341775894165},"rotation":{"x":0.0998239517211914,"y":0.16782256960868836,"z":-0.01708364114165306,"w":0.9806013107299805},"size":3.386159658432007,"orthographic":false}