{"cameraMode":{"drawMode":0,"name":"Shaded","section":"Shading Mode"},"sceneLighting":false,"audioPlay":false,"sceneViewState":{"showFog":true,"showMaterialUpdate":false,"showSkybox":true,"showFlares":true,"showImageEffects":true,"showParticleSystems":true},"in2DMode":false,"pivot":{"x":-2.9065775871276857,"y":-0.012126998975872994,"z":-2.920241117477417},"rotation":{"x":0.007636253722012043,"y":0.7455946803092957,"z":-0.008540547452867031,"w":0.6663011908531189},"size":14.350479125976563,"orthographic":false}