{"cameraMode":{"drawMode":0,"name":"Shaded","section":"Shading Mode"},"sceneLighting":false,"audioPlay":false,"sceneViewState":{"showFog":true,"showMaterialUpdate":false,"showSkybox":true,"showFlares":true,"showImageEffects":true,"showParticleSystems":true},"in2DMode":false,"pivot":{"x":-5.568315505981445,"y":-0.7634290456771851,"z":-0.8964154124259949},"rotation":{"x":0.1366567313671112,"y":0.6830661296844482,"z":-0.1323796510696411,"w":0.7051392197608948},"size":4.77062463760376,"orthographic":false}