{"cameraMode":{"drawMode":0,"name":"Shaded","section":"Shading Mode"},"sceneLighting":false,"audioPlay":false,"sceneViewState":{"showFog":true,"showMaterialUpdate":false,"showSkybox":true,"showFlares":true,"showImageEffects":true,"showParticleSystems":true},"in2DMode":false,"pivot":{"x":-6.562839508056641,"y":-22.379619598388673,"z":25.555753707885743},"rotation":{"x":0.32497239112854006,"y":-0.2267277091741562,"z":0.08056552708148956,"w":0.9146019816398621},"size":46.338314056396487,"orthographic":false}