{"cameraMode":{"drawMode":0,"name":"Shaded","section":"Shading Mode"},"sceneLighting":false,"audioPlay":false,"sceneViewState":{"showFog":true,"showMaterialUpdate":false,"showSkybox":true,"showFlares":true,"showImageEffects":true,"showParticleSystems":true},"in2DMode":false,"pivot":{"x":8.42569351196289,"y":0.6420673131942749,"z":-1.7126672267913819},"rotation":{"x":0.2109408676624298,"y":-0.6481844782829285,"z":0.19379083812236787,"w":0.7055536508560181},"size":3.356283664703369,"orthographic":false}