{"cameraMode":{"drawMode":0,"name":"Shaded","section":"Shading Mode"},"sceneLighting":false,"audioPlay":false,"sceneViewState":{"showFog":true,"showMaterialUpdate":false,"showSkybox":true,"showFlares":true,"showImageEffects":true,"showParticleSystems":true},"in2DMode":false,"pivot":{"x":0.042500004172325137,"y":1.11899995803833,"z":-0.010499998927116394},"rotation":{"x":0.6173378229141235,"y":0.014912305399775505,"z":-0.011698286980390549,"w":0.7864698767662048},"size":1.1022690534591675,"orthographic":false}