{"cameraMode":{"drawMode":0,"name":"Shaded","section":"Shading Mode"},"sceneLighting":false,"audioPlay":false,"sceneViewState":{"showFog":true,"showMaterialUpdate":false,"showSkybox":true,"showFlares":true,"showImageEffects":true,"showParticleSystems":true},"in2DMode":false,"pivot":{"x":-5.427608489990234,"y":1.1645872592926026,"z":-4.695633888244629},"rotation":{"x":0.04746977984905243,"y":-0.9372272491455078,"z":0.1410820335149765,"w":0.31535327434539797},"size":3.3413589000701906,"orthographic":false}