{"cameraMode":{"drawMode":0,"name":"Shaded","section":"Shading Mode"},"sceneLighting":false,"audioPlay":false,"sceneViewState":{"showFog":true,"showMaterialUpdate":false,"showSkybox":true,"showFlares":true,"showImageEffects":true,"showParticleSystems":true},"in2DMode":false,"pivot":{"x":-6.892673015594482,"y":0.50275719165802,"z":0.5355794429779053},"rotation":{"x":-0.2181202918291092,"y":-0.01845007948577404,"z":0.004125713836401701,"w":-0.9757387638092041},"size":4.452962398529053,"orthographic":false}